-- This sample data is taken from db.json

-- Insert genres
INSERT INTO genre (name) VALUES
    ('Comedy'),
    ('Fantasy'),
    ('Crime'),
    ('Drama'),
    ('Music'),
    ('Adventure'),
    ('History'),
    ('Thriller'),
    ('Animation'),
    ('Family'),
    ('Mystery'),
    ('Biography'),
    ('Action'),
    ('Film-Noir'),
    ('Romance'),
    ('Sci-Fi'),
    ('War'),
    ('Western'),
    ('Horror'),
    ('Musical'),
    ('Sport');

-- Insert movies
INSERT INTO movie (id, title, release_year, runtime, director, actors, plot, poster_url) VALUES
    (2, 'LWB The Cotton Club', '1984', 127, 'Francis Ford Coppola', 'Richard Gere, Gregory Hines, Diane Lane, Lonette McKee', 'The Cotton Club was a famous night club in Harlem. The story follows the people that visited the club, those that ran it, and is peppered with the Jazz music that made it so famous.', 'https://images-na.ssl-images-amazon.com/images/M/MV5BMTU5ODAyNzA4OV5BMl5BanBnXkFtZTcwNzYwNTIzNA@@._V1_SX300.jpg'),
    (4, 'Crocodile Dundee', '1986', 97, 'Peter Faiman', 'Paul Hogan, Linda Kozlowski, John Meillon, David Gulpilil', 'An American reporter goes to the Australian outback to meet an eccentric crocodile poacher and invites him to New York City.', 'https://images-na.ssl-images-amazon.com/images/M/MV5BMTg0MTU1MTg4NF5BMl5BanBnXkFtZTgwMDgzNzYxMTE@._V1_SX300.jpg'),
    (6, 'Ratatouille', '2007', 111, 'Brad Bird, Jan Pinkava', 'Patton Oswalt, Ian Holm, Lou Romano, Brian Dennehy', 'A rat who can cook makes an unusual alliance with a young kitchen worker at a famous restaurant.', 'https://images-na.ssl-images-amazon.com/images/M/MV5BMTMzODU0NTkxMF5BMl5BanBnXkFtZTcwMjQ4MzMzMw@@._V1_SX300.jpg'),
    (7, 'City of God', '2002', 130, 'Fernando Meirelles, Kátia Lund', 'Alexandre Rodrigues, Leandro Firmino, Phellipe Haagensen, Douglas Silva', 'Two boys growing up in a violent neighborhood of Rio de Janeiro take different paths: one becomes a photographer, the other a drug dealer.', 'https://images-na.ssl-images-amazon.com/images/M/MV5BMjA4ODQ3ODkzNV5BMl5BanBnXkFtZTYwOTc4NDI3._V1_SX300.jpg'),
    (10, 'Stardust', '2007', 127, 'Matthew Vaughn', 'Ian McKellen, Bimbo Hart, Alastair MacIntosh, David Kelly', 'In a countryside town bordering on a magical land, a young man makes a promise to his beloved that he will retrieve a fallen star by venturing into the magical realm.', 'https://images-na.ssl-images-amazon.com/images/M/MV5BMjkyMTE1OTYwNF5BMl5BanBnXkFtZTcwMDIxODYzMw@@._V1_SX300.jpg'),
    (11, 'Apocalypto', '2006', 139, 'Mel Gibson', 'Rudy Youngblood, Dalia Hernández, Jonathan Brewer, Morris Birdyellowhead', 'As the Mayan kingdom faces its decline, the rulers insist the key to prosperity is to build more temples and offer human sacrifices. Jaguar Paw, a young man captured for sacrifice, flees to avoid his fate.', 'https://images-na.ssl-images-amazon.com/images/M/MV5BNTM1NjYyNTY5OV5BMl5BanBnXkFtZTcwMjgwNTMzMQ@@._V1_SX300.jpg'),
    (13, 'No Country for Old Men', '2007', 122, 'Ethan Coen, Joel Coen', 'Tommy Lee Jones, Javier Bardem, Josh Brolin, Woody Harrelson', 'Violence and mayhem ensue after a hunter stumbles upon a drug deal gone wrong and more than two million dollars in cash near the Rio Grande.', 'https://images-na.ssl-images-amazon.com/images/M/MV5BMjA5Njk3MjM4OV5BMl5BanBnXkFtZTcwMTc5MTE1MQ@@._V1_SX300.jpg'),
    (17, 'The Third Man', '1949', 93, 'Carol Reed', 'Joseph Cotten, Alida Valli, Orson Welles, Trevor Howard', 'Pulp novelist Holly Martins travels to shadowy, postwar Vienna, only to find himself investigating the mysterious death of an old friend, Harry Lime.', 'https://images-na.ssl-images-amazon.com/images/M/MV5BMjMwNzMzMTQ0Ml5BMl5BanBnXkFtZTgwNjExMzUwNjE@._V1_SX300.jpg'),
    (18, 'The Beach', '2000', 119, 'Danny Boyle', 'Leonardo DiCaprio, Daniel York, Patcharawan Patarakijjanon, Virginie Ledoyen', 'Twenty-something Richard travels to Thailand and finds himself in possession of a strange map. Rumours state that it leads to a solitary beach paradise, a tropical bliss - excited and intrigued, he sets out to find it.', 'https://images-na.ssl-images-amazon.com/images/M/MV5BN2ViYTFiZmUtOTIxZi00YzIxLWEyMzUtYjQwZGNjMjNhY2IwXkEyXkFqcGdeQXVyNDk3NzU2MTQ@._V1_SX300.jpg'),
    (19, 'Scarface', '1983', 170, 'Brian De Palma', 'Al Pacino, Steven Bauer, Michelle Pfeiffer, Mary Elizabeth Mastrantonio', 'In Miami in 1980, a determined Cuban immigrant takes over a drug cartel and succumbs to greed.', 'https://images-na.ssl-images-amazon.com/images/M/MV5BMjAzOTM4MzEwNl5BMl5BanBnXkFtZTgwMzU1OTc1MDE@._V1_SX300.jpg'),
    (20, 'Sid and Nancy', '1986', 112, 'Alex Cox', 'Gary Oldman, Chloe Webb, David Hayman, Debby Bishop', 'Morbid biographical story of Sid Vicious, bassist with British punk group the Sex Pistols, and his girlfriend Nancy Spungen. When the Sex Pistols break up after their fateful US tour, ...', 'https://images-na.ssl-images-amazon.com/images/M/MV5BMjExNjA5NzY4M15BMl5BanBnXkFtZTcwNjQ2NzI5NA@@._V1_SX300.jpg'),
    (21, 'Black Swan', '2010', 108, 'Darren Aronofsky', 'Natalie Portman, Mila Kunis, Vincent Cassel, Barbara Hershey', 'A committed dancer wins the lead role in a production of Tchaikovsky''s ""Swan Lake"" only to find herself struggling to maintain her sanity.', 'https://images-na.ssl-images-amazon.com/images/M/MV5BNzY2NzI4OTE5MF5BMl5BanBnXkFtZTcwMjMyNDY4Mw@@._V1_SX300.jpg'),
    (22, 'Inception', '2010', 148, 'Christopher Nolan', 'Leonardo DiCaprio, Joseph Gordon-Levitt, Ellen Page, Tom Hardy', 'A thief, who steals corporate secrets through use of dream-sharing technology, is given the inverse task of planting an idea into the mind of a CEO.', 'https://images-na.ssl-images-amazon.com/images/M/MV5BMjAxMzY3NjcxNF5BMl5BanBnXkFtZTcwNTI5OTM0Mw@@._V1_SX300.jpg'),
    (24, 'Chasing Amy', '1997', 113, 'Kevin Smith', 'Ethan Suplee, Ben Affleck, Scott Mosier, Jason Lee', 'Holden and Banky are comic book artists. Everything''s going good for them until they meet Alyssa, also a comic book artist. Holden falls for her, but his hopes are crushed when he finds out she''s gay.', 'https://images-na.ssl-images-amazon.com/images/M/MV5BZDM3MTg2MGUtZDM0MC00NzMwLWE5NjItOWFjNjA2M2I4YzgxXkEyXkFqcGdeQXVyMTQxNzMzNDI@._V1_SX300.jpg'),
    (26, 'The Silence of the Lambs', '1991', 118, 'Jonathan Demme', 'Jodie Foster, Lawrence A. Bonney, Kasi Lemmons, Lawrence T. Wrentz', 'A young F.B.I. cadet must confide in an incarcerated and manipulative killer to receive his help on catching another serial killer who skins his victims.', 'https://images-na.ssl-images-amazon.com/images/M/MV5BMTQ2NzkzMDI4OF5BMl5BanBnXkFtZTcwMDA0NzE1NA@@._V1_SX300.jpg'),
    (29, 'Midnight Express', '1978', 121, 'Alan Parker', 'Brad Davis, Irene Miracle, Bo Hopkins, Paolo Bonacelli', 'Billy Hayes, an American college student, is caught smuggling drugs out of Turkey and thrown into prison.', 'https://images-na.ssl-images-amazon.com/images/M/MV5BMTQyMDA5MzkyOF5BMl5BanBnXkFtZTgwOTYwNTcxMTE@._V1_SX300.jpg'),
    (30, 'Pulp Fiction', '1994', 154, 'Quentin Tarantino', 'Tim Roth, Amanda Plummer, Laura Lovelace, John Travolta', 'The lives of two mob hit men, a boxer, a gangster''s wife, and a pair of diner bandits intertwine in four tales of violence and redemption.', 'https://images-na.ssl-images-amazon.com/images/M/MV5BMTkxMTA5OTAzMl5BMl5BanBnXkFtZTgwNjA5MDc3NjE@._V1_SX300.jpg'),
    (31, 'Lock, Stock and Two Smoking Barrels', '1998', 107, 'Guy Ritchie', 'Jason Flemyng, Dexter Fletcher, Nick Moran, Jason Statham', 'A botched card game in London triggers four friends, thugs, weed-growers, hard gangsters, loan sharks and debt collectors to collide with each other in a series of unexpected events, all for the sake of weed, cash and two antique shotguns.', 'https://images-na.ssl-images-amazon.com/images/M/MV5BMTAyN2JmZmEtNjAyMy00NzYwLThmY2MtYWQ3OGNhNjExMmM4XkEyXkFqcGdeQXVyNDk3NzU2MTQ@._V1_SX300.jpg'),
    (33, 'Rear Window', '1954', 112, 'Alfred Hitchcock', 'James Stewart, Grace Kelly, Wendell Corey, Thelma Ritter', 'A wheelchair-bound photographer spies on his neighbours from his apartment window and becomes convinced one of them has committed murder.', 'https://images-na.ssl-images-amazon.com/images/M/MV5BNGUxYWM3M2MtMGM3Mi00ZmRiLWE0NGQtZjE5ODI2OTJhNTU0XkEyXkFqcGdeQXVyMTQxNzMzNDI@._V1_SX300.jpg'),
    (35, 'Shutter Island', '2010', 138, 'Martin Scorsese', 'Leonardo DiCaprio, Mark Ruffalo, Ben Kingsley, Max von Sydow', 'In 1954, a U.S. marshal investigates the disappearance of a murderess who escaped from a hospital for the criminally insane.', 'https://images-na.ssl-images-amazon.com/images/M/MV5BMTMxMTIyNzMxMV5BMl5BanBnXkFtZTcwOTc4OTI3Mg@@._V1_SX300.jpg'),
    (36, 'Reservoir Dogs', '1992', 99, 'Quentin Tarantino', 'Harvey Keitel, Tim Roth, Michael Madsen, Chris Penn', 'After a simple jewelry heist goes terribly wrong, the surviving criminals begin to suspect that one of them is a police informant.', 'https://images-na.ssl-images-amazon.com/images/M/MV5BNjE5ZDJiZTQtOGE2YS00ZTc5LTk0OGUtOTg2NjdjZmVlYzE2XkEyXkFqcGdeQXVyMzM4MjM0Nzg@._V1_SX300.jpg'),
    (41, 'Moneyball', '2011', 133, 'Bennett Miller', 'Brad Pitt, Jonah Hill, Philip Seymour Hoffman, Robin Wright', 'Oakland A''s general manager Billy Beane''s successful attempt to assemble a baseball team on a lean budget by employing computer-generated analysis to acquire new players.', 'https://images-na.ssl-images-amazon.com/images/M/MV5BMjAxOTU3Mzc1M15BMl5BanBnXkFtZTcwMzk1ODUzNg@@._V1_SX300.jpg'),
    (42, 'The Hangover', '2009', 100, 'Todd Phillips', 'Bradley Cooper, Ed Helms, Zach Galifianakis, Justin Bartha', 'Three buddies wake up from a bachelor party in Las Vegas, with no memory of the previous night and the bachelor missing. They make their way around the city in order to find their friend before his wedding.', 'https://images-na.ssl-images-amazon.com/images/M/MV5BMTU1MDA1MTYwMF5BMl5BanBnXkFtZTcwMDcxMzA1Mg@@._V1_SX300.jpg'),
    (43, 'The Great Beauty', '2013', 141, 'Paolo Sorrentino', 'Toni Servillo, Carlo Verdone, Sabrina Ferilli, Carlo Buccirosso', 'Jep Gambardella has seduced his way through the lavish nightlife of Rome for decades, but after his 65th birthday and a shock from the past, Jep looks past the nightclubs and parties to find a timeless landscape of absurd, exquisite beauty.', 'https://images-na.ssl-images-amazon.com/images/M/MV5BMTQ0ODg1OTQ2Nl5BMl5BanBnXkFtZTgwNTc2MDY1MDE@._V1_SX300.jpg'),
    (45, 'Mary and Max', '2009', 92, 'Adam Elliot', 'Toni Collette, Philip Seymour Hoffman, Barry Humphries, Eric Bana', 'A tale of friendship between two unlikely pen pals: Mary, a lonely, eight-year-old girl living in the suburbs of Melbourne, and Max, a forty-four-year old, severely obese man living in New York.', 'https://images-na.ssl-images-amazon.com/images/M/MV5BMTQ1NDIyNTA1Nl5BMl5BanBnXkFtZTcwMjc2Njk3OA@@._V1_SX300.jpg'),
    (46, 'Flight', '2012', 138, 'Robert Zemeckis', 'Nadine Velazquez, Denzel Washington, Carter Cabassa, Adam C. Edwards', 'An airline pilot saves almost all his passengers on his malfunctioning airliner which eventually crashed, but an investigation into the accident reveals something troubling.', 'https://images-na.ssl-images-amazon.com/images/M/MV5BMTUxMjI1OTMxNl5BMl5BanBnXkFtZTcwNjc3NTY1OA@@._V1_SX300.jpg'),
    (47, 'One Flew Over the Cuckoo''s Nest', '1975', 133, 'Milos Forman', 'Michael Berryman, Peter Brocco, Dean R. Brooks, Alonzo Brown', 'A criminal pleads insanity after getting into trouble again and once in the mental institution rebels against the oppressive nurse and rallies up the scared patients.', 'https://images-na.ssl-images-amazon.com/images/M/MV5BYmJkODkwOTItZThjZC00MTE0LWIxNzQtYTM3MmQwMGI1OWFiXkEyXkFqcGdeQXVyNjUwNzk3NDc@._V1_SX300.jpg'),
    (48, 'Requiem for a Dream', '2000', 102, 'Darren Aronofsky', 'Ellen Burstyn, Jared Leto, Jennifer Connelly, Marlon Wayans', 'The drug-induced utopias of four Coney Island people are shattered when their addictions run deep.', 'https://images-na.ssl-images-amazon.com/images/M/MV5BMTkzODMzODYwOF5BMl5BanBnXkFtZTcwODM2NjA2NQ@@._V1_SX300.jpg'),
    (49, 'The Truman Show', '1998', 103, 'Peter Weir', 'Jim Carrey, Laura Linney, Noah Emmerich, Natascha McElhone', 'An insurance salesman/adjuster discovers his entire life is actually a television show.', 'https://images-na.ssl-images-amazon.com/images/M/MV5BMDIzODcyY2EtMmY2MC00ZWVlLTgwMzAtMjQwOWUyNmJjNTYyXkEyXkFqcGdeQXVyNDk3NzU2MTQ@._V1_SX300.jpg'),
    (50, 'The Artist', '2011', 100, 'Michel Hazanavicius', 'Jean Dujardin, Bérénice Bejo, John Goodman, James Cromwell', 'A silent movie star meets a young dancer, but the arrival of talking pictures sends their careers in opposite directions.', 'https://images-na.ssl-images-amazon.com/images/M/MV5BMzk0NzQxMTM0OV5BMl5BanBnXkFtZTcwMzU4MDYyNQ@@._V1_SX300.jpg'),
    (52, 'The Hobbit: The Desolation of Smaug', '2013', 161, 'Peter Jackson', 'Ian McKellen, Martin Freeman, Richard Armitage, Ken Stott', 'The dwarves, along with Bilbo Baggins and Gandalf the Grey, continue their quest to reclaim Erebor, their homeland, from Smaug. Bilbo Baggins is in possession of a mysterious and magical ring.', 'https://images-na.ssl-images-amazon.com/images/M/MV5BMzU0NDY0NDEzNV5BMl5BanBnXkFtZTgwOTIxNDU1MDE@._V1_SX300.jpg'),
    (53, 'Vicky Cristina Barcelona', '2008', 96, 'Woody Allen', 'Rebecca Hall, Scarlett Johansson, Christopher Evan Welch, Chris Messina', 'Two girlfriends on a summer holiday in Spain become enamored with the same painter, unaware that his ex-wife, with whom he has a tempestuous relationship, is about to re-enter the picture.', 'https://images-na.ssl-images-amazon.com/images/M/MV5BMTU2NDQ4MTg2MV5BMl5BanBnXkFtZTcwNDUzNjU3MQ@@._V1_SX300.jpg'),
    (55, 'Lost in Translation', '2003', 101, 'Sofia Coppola', 'Scarlett Johansson, Bill Murray, Akiko Takeshita, Kazuyoshi Minamimagoe', 'A faded movie star and a neglected young woman form an unlikely bond after crossing paths in Tokyo.', 'https://images-na.ssl-images-amazon.com/images/M/MV5BMTI2NDI5ODk4N15BMl5BanBnXkFtZTYwMTI3NTE3._V1_SX300.jpg'),
    (56, 'Match Point', '2005', 119, 'Woody Allen', 'Jonathan Rhys Meyers, Alexander Armstrong, Paul Kaye, Matthew Goode', 'At a turning point in his life, a former tennis pro falls for an actress who happens to be dating his friend and soon-to-be brother-in-law.', 'https://images-na.ssl-images-amazon.com/images/M/MV5BMTMzNzY4MzE5NF5BMl5BanBnXkFtZTcwMzQ1MDMzMQ@@._V1_SX300.jpg'),
    (59, 'Madagascar: Escape 2 Africa', '2008', 89, 'Eric Darnell, Tom McGrath', 'Ben Stiller, Chris Rock, David Schwimmer, Jada Pinkett Smith', 'The animals try to fly back to New York City, but crash-land on an African wildlife refuge, where Alex is reunited with his parents.', 'https://images-na.ssl-images-amazon.com/images/M/MV5BMjExMDA4NDcwMl5BMl5BanBnXkFtZTcwODAxNTQ3MQ@@._V1_SX300.jpg'),
    (60, 'Despicable Me 2', '2013', 98, 'Pierre Coffin, Chris Renaud', 'Steve Carell, Kristen Wiig, Benjamin Bratt, Miranda Cosgrove', 'When Gru, the world''s most super-bad turned super-dad has been recruited by a team of officials to stop lethal muscle and a host of Gru''s own, He has to fight back with new gadgetry, cars, and more minion madness.', 'https://images-na.ssl-images-amazon.com/images/M/MV5BMjExNjAyNTcyMF5BMl5BanBnXkFtZTgwODQzMjQ3MDE@._V1_SX300.jpg'),
    (61, 'Downfall', '2004', 156, 'Oliver Hirschbiegel', 'Bruno Ganz, Alexandra Maria Lara, Corinna Harfouch, Ulrich Matthes', 'Traudl Junge, the final secretary for Adolf Hitler, tells of the Nazi dictator''s final days in his Berlin bunker at the end of WWII.', 'https://images-na.ssl-images-amazon.com/images/M/MV5BMTM1OTI1MjE2Nl5BMl5BanBnXkFtZTcwMTEwMzc4NA@@._V1_SX300.jpg'),
    (62, 'Madagascar', '2005', 86, 'Eric Darnell, Tom McGrath', 'Ben Stiller, Chris Rock, David Schwimmer, Jada Pinkett Smith', 'Spoiled by their upbringing with no idea what wild life is really like, four animals from New York Central Zoo escape, unwittingly assisted by four absconding penguins, and find themselves in Madagascar, among a bunch of merry lemurs', 'https://images-na.ssl-images-amazon.com/images/M/MV5BMTY4NDUwMzQxMF5BMl5BanBnXkFtZTcwMDgwNjgyMQ@@._V1_SX300.jpg'),
    (63, 'Madagascar 3: Europe''s Most Wanted', '2012', 93, 'Eric Darnell, Tom McGrath, Conrad Vernon', 'Ben Stiller, Chris Rock, David Schwimmer, Jada Pinkett Smith', 'Alex, Marty, Gloria and Melman are still fighting to get home to their beloved Big Apple. Their journey takes them through Europe where they find the perfect cover: a traveling circus, which they reinvent - Madagascar style.', 'https://images-na.ssl-images-amazon.com/images/M/MV5BMTM2MTIzNzk2MF5BMl5BanBnXkFtZTcwMDcwMzQxNw@@._V1_SX300.jpg'),
    (64, 'God Bless America', '2011', 105, 'Bobcat Goldthwait', 'Joel Murray, Tara Lynne Barr, Melinda Page Hamilton, Mackenzie Brooke Smith', 'On a mission to rid society of its most repellent citizens, terminally ill Frank makes an unlikely accomplice in 16-year-old Roxy.', 'https://images-na.ssl-images-amazon.com/images/M/MV5BMTQwMTc1MzA4NF5BMl5BanBnXkFtZTcwNzQwMTgzNw@@._V1_SX300.jpg'),
    (65, 'The Social Network', '2010', 120, 'David Fincher', 'Jesse Eisenberg, Rooney Mara, Bryan Barter, Dustin Fitzsimons', 'Harvard student Mark Zuckerberg creates the social networking site that would become known as Facebook, but is later sued by two brothers who claimed he stole their idea, and the co-founder who was later squeezed out of the business.', 'https://images-na.ssl-images-amazon.com/images/M/MV5BMTM2ODk0NDAwMF5BMl5BanBnXkFtZTcwNTM1MDc2Mw@@._V1_SX300.jpg'),
    (69, 'American Gangster', '2007', 157, 'Ridley Scott', 'Denzel Washington, Russell Crowe, Chiwetel Ejiofor, Josh Brolin', 'In 1970s America, a detective works to bring down the drug empire of Frank Lucas, a heroin kingpin from Manhattan, who is smuggling the drug into the country from the Far East.', 'https://images-na.ssl-images-amazon.com/images/M/MV5BMTkyNzY5MDA5MV5BMl5BanBnXkFtZTcwMjg4MzI3MQ@@._V1_SX300.jpg'),
    (70, 'Catch Me If You Can', '2002', 141, 'Steven Spielberg', 'Leonardo DiCaprio, Tom Hanks, Christopher Walken, Martin Sheen', 'The true story of Frank Abagnale Jr. who, before his 19th birthday, successfully conned millions of dollars'' worth of checks as a Pan Am pilot, doctor, and legal prosecutor.', 'https://images-na.ssl-images-amazon.com/images/M/MV5BMTY5MzYzNjc5NV5BMl5BanBnXkFtZTYwNTUyNTc2._V1_SX300.jpg'),
    (71, 'American History X', '1998', 119, 'Tony Kaye', 'Edward Norton, Edward Furlong, Beverly D''Angelo, Jennifer Lien', 'A former neo-nazi skinhead tries to prevent his younger brother from going down the same wrong path that he did.', 'https://images-na.ssl-images-amazon.com/images/M/MV5BZjA0MTM4MTQtNzY5MC00NzY3LWI1ZTgtYzcxMjkyMzU4MDZiXkEyXkFqcGdeQXVyNDYyMDk5MTU@._V1_SX300.jpg'),
    (73, 'Pirates of the Caribbean: At World''s End', '2007', 169, 'Gore Verbinski', 'Johnny Depp, Geoffrey Rush, Orlando Bloom, Keira Knightley', 'Captain Barbossa, Will Turner and Elizabeth Swann must sail off the edge of the map, navigate treachery and betrayal, find Jack Sparrow, and make their final alliances for one last decisive battle.', 'https://images-na.ssl-images-amazon.com/images/M/MV5BMjIyNjkxNzEyMl5BMl5BanBnXkFtZTYwMjc3MDE3._V1_SX300.jpg'),
    (75, 'Crash', '2004', 112, 'Paul Haggis', 'Karina Arroyave, Dato Bakhtadze, Sandra Bullock, Don Cheadle', 'Los Angeles citizens with vastly separate lives collide in interweaving stories of race, loss and redemption.', 'https://images-na.ssl-images-amazon.com/images/M/MV5BOTk1OTA1MjIyNV5BMl5BanBnXkFtZTcwODQxMTkyMQ@@._V1_SX300.jpg'),
    (76, 'Pirates of the Caribbean: The Curse of the Black Pearl', '2003', 143, 'Gore Verbinski', 'Johnny Depp, Geoffrey Rush, Orlando Bloom, Keira Knightley', 'Blacksmith Will Turner teams up with eccentric pirate ""Captain"" Jack Sparrow to save his love, the governor''s daughter, from Jack''s former pirate allies, who are now undead.', 'https://images-na.ssl-images-amazon.com/images/M/MV5BMjAyNDM4MTc2N15BMl5BanBnXkFtZTcwNDk0Mjc3._V1_SX300.jpg'),
    (78, 'Oldboy', '2003', 120, 'Chan-wook Park', 'Min-sik Choi, Ji-tae Yu, Hye-jeong Kang, Dae-han Ji', 'After being kidnapped and imprisoned for 15 years, Oh Dae-Su is released, only to find that he must find his captor in 5 days.', 'https://images-na.ssl-images-amazon.com/images/M/MV5BMTI3NTQyMzU5M15BMl5BanBnXkFtZTcwMTM2MjgyMQ@@._V1_SX300.jpg'),
    (79, 'Chocolat', '2000', 121, 'Lasse Hallström', 'Alfred Molina, Carrie-Anne Moss, Aurelien Parent Koenig, Antonio Gil', 'A woman and her daughter open a chocolate shop in a small French village that shakes up the rigid morality of the community.', 'https://images-na.ssl-images-amazon.com/images/M/MV5BMjA4MDI3NTQwMV5BMl5BanBnXkFtZTcwNjIzNDcyMQ@@._V1_SX300.jpg'),
    (80, 'Casino Royale', '2006', 144, 'Martin Campbell', 'Daniel Craig, Eva Green, Mads Mikkelsen, Judi Dench', 'Armed with a licence to kill, Secret Agent James Bond sets out on his first mission as 007 and must defeat a weapons dealer in a high stakes game of poker at Casino Royale, but things are not what they seem.', 'https://images-na.ssl-images-amazon.com/images/M/MV5BMTM5MjI4NDExNF5BMl5BanBnXkFtZTcwMDM1MjMzMQ@@._V1_SX300.jpg'),
    (81, 'WALL·E', '2008', 98, 'Andrew Stanton', 'Ben Burtt, Elissa Knight, Jeff Garlin, Fred Willard', 'In the distant future, a small waste-collecting robot inadvertently embarks on a space journey that will ultimately decide the fate of mankind.', 'https://images-na.ssl-images-amazon.com/images/M/MV5BMTczOTA3MzY2N15BMl5BanBnXkFtZTcwOTYwNjE2MQ@@._V1_SX300.jpg'),
    (82, 'The Wolf of Wall Street', '2013', 180, 'Martin Scorsese', 'Leonardo DiCaprio, Jonah Hill, Margot Robbie, Matthew McConaughey', 'Based on the true story of Jordan Belfort, from his rise to a wealthy stock-broker living the high life to his fall involving crime, corruption and the federal government.', 'https://images-na.ssl-images-amazon.com/images/M/MV5BMjIxMjgxNTk0MF5BMl5BanBnXkFtZTgwNjIyOTg2MDE@._V1_SX300.jpg'),
    (83, 'Hellboy II: The Golden Army', '2008', 120, 'Guillermo del Toro', 'Ron Perlman, Selma Blair, Doug Jones, John Alexander', 'The mythical world starts a rebellion against humanity in order to rule the Earth, so Hellboy and his team must save the world from the rebellious creatures.', 'https://images-na.ssl-images-amazon.com/images/M/MV5BMjA5NzgyMjc2Nl5BMl5BanBnXkFtZTcwOTU3MDI3MQ@@._V1_SX300.jpg'),
    (85, 'I-See-You.Com', '2006', 92, 'Eric Steven Stahl', 'Beau Bridges, Rosanna Arquette, Mathew Botuchis, Shiri Appleby', 'A 17-year-old boy buys mini-cameras and displays the footage online at I-see-you.com. The cash rolls in as the site becomes a major hit. Everyone seems to have fun until it all comes crashing down....', 'https://images-na.ssl-images-amazon.com/images/M/MV5BMTYwMDUzNzA5Nl5BMl5BanBnXkFtZTcwMjQ2Njk3MQ@@._V1_SX300.jpg'),
    (86, 'The Grand Budapest Hotel', '2014', 99, 'Wes Anderson', 'Ralph Fiennes, F. Murray Abraham, Mathieu Amalric, Adrien Brody', 'The adventures of Gustave H, a legendary concierge at a famous hotel from the fictional Republic of Zubrowka between the first and second World Wars, and Zero Moustafa, the lobby boy who becomes his most trusted friend.', 'https://images-na.ssl-images-amazon.com/images/M/MV5BMzM5NjUxOTEyMl5BMl5BanBnXkFtZTgwNjEyMDM0MDE@._V1_SX300.jpg'),
    (88, 'Once Upon a Time in America', '1984', 229, 'Sergio Leone', 'Robert De Niro, James Woods, Elizabeth McGovern, Joe Pesci', 'A former Prohibition-era Jewish gangster returns to the Lower East Side of Manhattan over thirty years later, where he once again must confront the ghosts and regrets of his old life.', 'https://images-na.ssl-images-amazon.com/images/M/MV5BMGFkNWI4MTMtNGQ0OC00MWVmLTk3MTktOGYxN2Y2YWVkZWE2XkEyXkFqcGdeQXVyNjU0OTQ0OTY@._V1_SX300.jpg'),
    (89, 'Oblivion', '2013', 124, 'Joseph Kosinski', 'Tom Cruise, Morgan Freeman, Olga Kurylenko, Andrea Riseborough', 'A veteran assigned to extract Earth''s remaining resources begins to question what he knows about his mission and himself.', 'https://images-na.ssl-images-amazon.com/images/M/MV5BMTQwMDY0MTA4MF5BMl5BanBnXkFtZTcwNzI3MDgxOQ@@._V1_SX300.jpg'),
    (90, 'V for Vendetta', '2005', 132, 'James McTeigue', 'Natalie Portman, Hugo Weaving, Stephen Rea, Stephen Fry', 'In a future British tyranny, a shadowy freedom fighter, known only by the alias of ""V"", plots to overthrow it with the help of a young woman.', 'https://images-na.ssl-images-amazon.com/images/M/MV5BOTI5ODc3NzExNV5BMl5BanBnXkFtZTcwNzYxNzQzMw@@._V1_SX300.jpg'),
    (91, 'Gattaca', '1997', 106, 'Andrew Niccol', 'Ethan Hawke, Uma Thurman, Gore Vidal, Xander Berkeley', 'A genetically inferior man assumes the identity of a superior one in order to pursue his lifelong dream of space travel.', 'https://images-na.ssl-images-amazon.com/images/M/MV5BNDQxOTc0MzMtZmRlOS00OWQ5LWI2ZDctOTAwNmMwOTYxYzlhXkEyXkFqcGdeQXVyMTQxNzMzNDI@._V1_SX300.jpg'),
    (92, 'Silver Linings Playbook', '2012', 122, 'David O. Russell', 'Bradley Cooper, Jennifer Lawrence, Robert De Niro, Jacki Weaver', 'After a stint in a mental institution, former teacher Pat Solitano moves back in with his parents and tries to reconcile with his ex-wife. Things get more challenging when Pat meets Tiffany, a mysterious girl with problems of her own.', 'https://images-na.ssl-images-amazon.com/images/M/MV5BMTM2MTI5NzA3MF5BMl5BanBnXkFtZTcwODExNTc0OA@@._V1_SX300.jpg'),
    (93, 'Alice in Wonderland', '2010', 108, 'Tim Burton', 'Johnny Depp, Mia Wasikowska, Helena Bonham Carter, Anne Hathaway', 'Nineteen-year-old Alice returns to the magical world from her childhood adventure, where she reunites with her old friends and learns of her true destiny: to end the Red Queen''s reign of terror.', 'https://images-na.ssl-images-amazon.com/images/M/MV5BMTMwNjAxMTc0Nl5BMl5BanBnXkFtZTcwODc3ODk5Mg@@._V1_SX300.jpg'),
    (95, 'Pacific Rim', '2013', 131, 'Guillermo del Toro', 'Charlie Hunnam, Diego Klattenhoff, Idris Elba, Rinko Kikuchi', 'As a war between humankind and monstrous sea creatures wages on, a former pilot and a trainee are paired up to drive a seemingly obsolete special weapon in a desperate effort to save the world from the apocalypse.', 'https://images-na.ssl-images-amazon.com/images/M/MV5BMTY3MTI5NjQ4Nl5BMl5BanBnXkFtZTcwOTU1OTU0OQ@@._V1_SX300.jpg'),
    (98, 'Cloud Atlas', '2012', 172, 'Tom Tykwer, Lana Wachowski, Lilly Wachowski', 'Tom Hanks, Halle Berry, Jim Broadbent, Hugo Weaving', 'An exploration of how the actions of individual lives impact one another in the past, present and future, as one soul is shaped from a killer into a hero, and an act of kindness ripples across centuries to inspire a revolution.', 'https://images-na.ssl-images-amazon.com/images/M/MV5BMTczMTgxMjc4NF5BMl5BanBnXkFtZTcwNjM5MTA2OA@@._V1_SX300.jpg'),
    (99, 'The Impossible', '2012', 114, 'J.A. Bayona', 'Naomi Watts, Ewan McGregor, Tom Holland, Samuel Joslin', 'The story of a tourist family in Thailand caught in the destruction and chaotic aftermath of the 2004 Indian Ocean tsunami.', 'https://images-na.ssl-images-amazon.com/images/M/MV5BMjA5NTA3NzQ5Nl5BMl5BanBnXkFtZTcwOTYxNjY0OA@@._V1_SX300.jpg'),
    (100, 'All Quiet on the Western Front', '1930', 136, 'Lewis Milestone', 'Louis Wolheim, Lew Ayres, John Wray, Arnold Lucy', 'A young soldier faces profound disillusionment in the soul-destroying horror of World War I.', 'https://images-na.ssl-images-amazon.com/images/M/MV5BNTM5OTg2NDY1NF5BMl5BanBnXkFtZTcwNTQ4MTMwNw@@._V1_SX300.jpg'),
    (102, 'Dallas Buyers Club', '2013', 117, 'Jean-Marc Vallée', 'Matthew McConaughey, Jennifer Garner, Jared Leto, Denis O''Hare', 'In 1985 Dallas, electrician and hustler Ron Woodroof works around the system to help AIDS patients get the medication they need after he is diagnosed with the disease.', 'https://images-na.ssl-images-amazon.com/images/M/MV5BMTYwMTA4MzgyNF5BMl5BanBnXkFtZTgwMjEyMjE0MDE@._V1_SX300.jpg'),
    (104, 'Before Sunrise', '1995', 105, 'Richard Linklater', 'Ethan Hawke, Julie Delpy, Andrea Eckert, Hanno Pöschl', 'A young man and woman meet on a train in Europe, and wind up spending one evening together in Vienna. Unfortunately, both know that this will probably be their only night together.', 'https://images-na.ssl-images-amazon.com/images/M/MV5BMTQyMTM3MTQxMl5BMl5BanBnXkFtZTcwMDAzNjQ4Mg@@._V1_SX300.jpg'),
    (105, 'The Rum Diary', '2011', 120, 'Bruce Robinson', 'Johnny Depp, Aaron Eckhart, Michael Rispoli, Amber Heard', 'American journalist Paul Kemp takes on a freelance job in Puerto Rico for a local newspaper during the 1960s and struggles to find a balance between island culture and the expatriates who live there.', 'https://images-na.ssl-images-amazon.com/images/M/MV5BMTM5ODA4MjYxM15BMl5BanBnXkFtZTcwMTM3NTE5Ng@@._V1_SX300.jpg'),
    (107, 'Chinatown', '1974', 130, 'Roman Polanski', 'Jack Nicholson, Faye Dunaway, John Huston, Perry Lopez', 'A private detective hired to expose an adulterer finds himself caught up in a web of deceit, corruption and murder.', 'https://images-na.ssl-images-amazon.com/images/M/MV5BN2YyNDE5NzItMjAwNC00MGQxLTllNjktZGIzMWFkZjA3OWQ0XkEyXkFqcGdeQXVyNDk3NzU2MTQ@._V1_SX300.jpg'),
    (108, 'Calvary', '2014', 102, 'John Michael McDonagh', 'Brendan Gleeson, Chris O''Dowd, Kelly Reilly, Aidan Gillen', 'After he is threatened during a confession, a good-natured priest must battle the dark forces closing in around him.', 'https://images-na.ssl-images-amazon.com/images/M/MV5BMTc3MjQ1MjE2M15BMl5BanBnXkFtZTgwNTMzNjE4MTE@._V1_SX300.jpg'),
    (110, 'Spirited Away', '2001', 125, 'Hayao Miyazaki', 'Rumi Hiiragi, Miyu Irino, Mari Natsuki, Takashi Naitô', 'During her family''s move to the suburbs, a sullen 10-year-old girl wanders into a world ruled by gods, witches, and spirits, and where humans are changed into beasts.', 'https://images-na.ssl-images-amazon.com/images/M/MV5BMjYxMDcyMzIzNl5BMl5BanBnXkFtZTYwNDg2MDU3._V1_SX300.jpg'),
    (111, 'Indochine', '1992', 159, 'Régis Wargnier', 'Catherine Deneuve, Vincent Perez, Linh Dan Pham, Jean Yanne', 'This story is set in 1930, at the time when French colonial rule in Indochina is ending. A widowed French woman who works in the rubber fields, raises a Vietnamese princess as if she was ...', 'https://images-na.ssl-images-amazon.com/images/M/MV5BMTM1MTkzNzA3NF5BMl5BanBnXkFtZTYwNTI2MzU5._V1_SX300.jpg'),
    (112, 'Birdman or (The Unexpected Virtue of Ignorance)', '2014', 119, 'Alejandro G. Iñárritu', 'Michael Keaton, Emma Stone, Kenny Chin, Jamahl Garrison-Lowe', 'Illustrated upon the progress of his latest Broadway play, a former popular actor''s struggle to cope with his current life as a wasted actor is shown.', 'https://images-na.ssl-images-amazon.com/images/M/MV5BODAzNDMxMzAxOV5BMl5BanBnXkFtZTgwMDMxMjA4MjE@._V1_SX300.jpg'),
    (113, 'Boyhood', '2014', 165, 'Richard Linklater', 'Ellar Coltrane, Patricia Arquette, Elijah Smith, Lorelei Linklater', 'The life of Mason, from early childhood to his arrival at college.', 'https://images-na.ssl-images-amazon.com/images/M/MV5BMTYzNDc2MDc0N15BMl5BanBnXkFtZTgwOTcwMDQ5MTE@._V1_SX300.jpg'),
    (114, '12 Angry Men', '1957', 96, 'Sidney Lumet', 'Martin Balsam, John Fiedler, Lee J. Cobb, E.G. Marshall', 'A jury holdout attempts to prevent a miscarriage of justice by forcing his colleagues to reconsider the evidence.', 'https://images-na.ssl-images-amazon.com/images/M/MV5BODQwOTc5MDM2N15BMl5BanBnXkFtZTcwODQxNTEzNA@@._V1_SX300.jpg'),
    (115, 'The Imitation Game', '2014', 114, 'Morten Tyldum', 'Benedict Cumberbatch, Keira Knightley, Matthew Goode, Rory Kinnear', 'During World War II, mathematician Alan Turing tries to crack the enigma code with help from fellow mathematicians.', 'https://images-na.ssl-images-amazon.com/images/M/MV5BNDkwNTEyMzkzNl5BMl5BanBnXkFtZTgwNTAwNzk3MjE@._V1_SX300.jpg'),
    (116, 'Interstellar', '2014', 169, 'Christopher Nolan', 'Ellen Burstyn, Matthew McConaughey, Mackenzie Foy, John Lithgow', 'A team of explorers travel through a wormhole in space in an attempt to ensure humanity''s survival.', 'https://images-na.ssl-images-amazon.com/images/M/MV5BMjIxNTU4MzY4MF5BMl5BanBnXkFtZTgwMzM4ODI3MjE@._V1_SX300.jpg'),
    (117, 'Big Nothing', '2006', 86, 'Jean-Baptiste Andrea', 'David Schwimmer, Simon Pegg, Alice Eve, Natascha McElhone', 'A frustrated, unemployed teacher joining forces with a scammer and his girlfriend in a blackmailing scheme.', 'https://images-na.ssl-images-amazon.com/images/M/MV5BMTY5NTc2NjYwOV5BMl5BanBnXkFtZTcwMzk5OTY0MQ@@._V1_SX300.jpg'),
    (118, 'Das Boot', '1981', 149, 'Wolfgang Petersen', 'Jürgen Prochnow, Herbert Grönemeyer, Klaus Wennemann, Hubertus Bengsch', 'The claustrophobic world of a WWII German U-boat; boredom, filth, and sheer terror.', 'https://images-na.ssl-images-amazon.com/images/M/MV5BMjE5Mzk5OTQ0Nl5BMl5BanBnXkFtZTYwNzUwMTQ5._V1_SX300.jpg'),
    (119, 'Shrek 2', '2004', 93, 'Andrew Adamson, Kelly Asbury, Conrad Vernon', 'Mike Myers, Eddie Murphy, Cameron Diaz, Julie Andrews', 'Princess Fiona''s parents invite her and Shrek to dinner to celebrate her marriage. If only they knew the newlyweds were both ogres.', 'https://images-na.ssl-images-amazon.com/images/M/MV5BMTk4MTMwNjI4M15BMl5BanBnXkFtZTcwMjExMzUyMQ@@._V1_SX300.jpg'),
    (120, 'Sin City', '2005', 124, 'Frank Miller, Robert Rodriguez, Quentin Tarantino', 'Jessica Alba, Devon Aoki, Alexis Bledel, Powers Boothe', 'A film that explores the dark and miserable town, Basin City, and tells the story of three different people, all caught up in violent corruption.', 'https://images-na.ssl-images-amazon.com/images/M/MV5BODZmYjMwNzEtNzVhNC00ZTRmLTk2M2UtNzE1MTQ2ZDAxNjc2XkEyXkFqcGdeQXVyMTQxNzMzNDI@._V1_SX300.jpg'),
    (121, 'Nebraska', '2013', 115, 'Alexander Payne', 'Bruce Dern, Will Forte, June Squibb, Bob Odenkirk', 'An aging, booze-addled father makes the trip from Montana to Nebraska with his estranged son in order to claim a million-dollar Mega Sweepstakes Marketing prize.', 'https://images-na.ssl-images-amazon.com/images/M/MV5BMTU2Mjk2NDkyMl5BMl5BanBnXkFtZTgwNTk0NzcyMDE@._V1_SX300.jpg'),
    (122, 'Shrek', '2001', 90, 'Andrew Adamson, Vicky Jenson', 'Mike Myers, Eddie Murphy, Cameron Diaz, John Lithgow', 'After his swamp is filled with magical creatures, an ogre agrees to rescue a princess for a villainous lord in order to get his land back.', 'https://images-na.ssl-images-amazon.com/images/M/MV5BMTk2NTE1NTE0M15BMl5BanBnXkFtZTgwNjY4NTYxMTE@._V1_SX300.jpg'),
    (123, 'Mr. & Mrs. Smith', '2005', 120, 'Doug Liman', 'Brad Pitt, Angelina Jolie, Vince Vaughn, Adam Brody', 'A bored married couple is surprised to learn that they are both assassins hired by competing agencies to kill each other.', 'https://images-na.ssl-images-amazon.com/images/M/MV5BMTUxMzcxNzQzOF5BMl5BanBnXkFtZTcwMzQxNjUyMw@@._V1_SX300.jpg'),
    (124, 'Original Sin', '2001', 116, 'Michael Cristofer', 'Antonio Banderas, Angelina Jolie, Thomas Jane, Jack Thompson', 'A woman along with her lover, plan to con a rich man by marrying him and on earning his trust running away with all his money. Everything goes as planned until she actually begins to fall in love with him.', 'https://images-na.ssl-images-amazon.com/images/M/MV5BODg3Mjg0MDY4M15BMl5BanBnXkFtZTcwNjY5MDQ2NA@@._V1_SX300.jpg'),
    (127, 'Despicable Me', '2010', 95, 'Pierre Coffin, Chris Renaud', 'Steve Carell, Jason Segel, Russell Brand, Julie Andrews', 'When a criminal mastermind uses a trio of orphan girls as pawns for a grand scheme, he finds their love is profoundly changing him for the better.', 'https://images-na.ssl-images-amazon.com/images/M/MV5BMTY3NjY0MTQ0Nl5BMl5BanBnXkFtZTcwMzQ2MTc0Mw@@._V1_SX300.jpg'),
    (129, 'The Hobbit: An Unexpected Journey', '2012', 169, 'Peter Jackson', 'Ian McKellen, Martin Freeman, Richard Armitage, Ken Stott', 'A reluctant hobbit, Bilbo Baggins, sets out to the Lonely Mountain with a spirited group of dwarves to reclaim their mountain home - and the gold within it - from the dragon Smaug.', 'https://images-na.ssl-images-amazon.com/images/M/MV5BMTcwNTE4MTUxMl5BMl5BanBnXkFtZTcwMDIyODM4OA@@._V1_SX300.jpg'),
    (130, 'The Great Gatsby', '2013', 143, 'Baz Luhrmann', 'Lisa Adam, Frank Aldridge, Amitabh Bachchan, Steve Bisley', 'A writer and wall street trader, Nick, finds himself drawn to the past and lifestyle of his millionaire neighbor, Jay Gatsby.', 'https://images-na.ssl-images-amazon.com/images/M/MV5BMTkxNTk1ODcxNl5BMl5BanBnXkFtZTcwMDI1OTMzOQ@@._V1_SX300.jpg'),
    (131, 'Ice Age', '2002', 81, 'Chris Wedge, Carlos Saldanha', 'Ray Romano, John Leguizamo, Denis Leary, Goran Visnjic', 'Set during the Ice Age, a sabertooth tiger, a sloth, and a wooly mammoth find a lost human infant, and they try to return him to his tribe.', 'https://images-na.ssl-images-amazon.com/images/M/MV5BMTU3Mzc0ODUxMF5BMl5BanBnXkFtZTgwMDgwNjgxMDE@._V1_SX300.jpg');

-- Insert movie genres associations
INSERT INTO movie_genres (movie_id, genre_id) VALUES
    (2, (SELECT id FROM genre WHERE name = 'Crime')),
    (2, (SELECT id FROM genre WHERE name = 'Drama')),
    (2, (SELECT id FROM genre WHERE name = 'Music')),
    (4, (SELECT id FROM genre WHERE name = 'Adventure')),
    (4, (SELECT id FROM genre WHERE name = 'Comedy')),
    (6, (SELECT id FROM genre WHERE name = 'Animation')),
    (6, (SELECT id FROM genre WHERE name = 'Comedy')),
    (6, (SELECT id FROM genre WHERE name = 'Family')),
    (7, (SELECT id FROM genre WHERE name = 'Crime')),
    (7, (SELECT id FROM genre WHERE name = 'Drama')),
    (10, (SELECT id FROM genre WHERE name = 'Adventure')),
    (10, (SELECT id FROM genre WHERE name = 'Family')),
    (10, (SELECT id FROM genre WHERE name = 'Fantasy')),
    (11, (SELECT id FROM genre WHERE name = 'Action')),
    (11, (SELECT id FROM genre WHERE name = 'Adventure')),
    (11, (SELECT id FROM genre WHERE name = 'Drama')),
    (13, (SELECT id FROM genre WHERE name = 'Crime')),
    (13, (SELECT id FROM genre WHERE name = 'Drama')),
    (13, (SELECT id FROM genre WHERE name = 'Thriller')),
    (17, (SELECT id FROM genre WHERE name = 'Film-Noir')),
    (17, (SELECT id FROM genre WHERE name = 'Mystery')),
    (17, (SELECT id FROM genre WHERE name = 'Thriller')),
    (18, (SELECT id FROM genre WHERE name = 'Adventure')),
    (18, (SELECT id FROM genre WHERE name = 'Drama')),
    (18, (SELECT id FROM genre WHERE name = 'Romance')),
    (19, (SELECT id FROM genre WHERE name = 'Crime')),
    (19, (SELECT id FROM genre WHERE name = 'Drama')),
    (20, (SELECT id FROM genre WHERE name = 'Biography')),
    (20, (SELECT id FROM genre WHERE name = 'Drama')),
    (20, (SELECT id FROM genre WHERE name = 'Music')),
    (21, (SELECT id FROM genre WHERE name = 'Drama')),
    (21, (SELECT id FROM genre WHERE name = 'Thriller')),
    (22, (SELECT id FROM genre WHERE name = 'Action')),
    (22, (SELECT id FROM genre WHERE name = 'Adventure')),
    (22, (SELECT id FROM genre WHERE name = 'Sci-Fi')),
    (24, (SELECT id FROM genre WHERE name = 'Comedy')),
    (24, (SELECT id FROM genre WHERE name = 'Drama')),
    (24, (SELECT id FROM genre WHERE name = 'Romance')),
    (26, (SELECT id FROM genre WHERE name = 'Crime')),
    (26, (SELECT id FROM genre WHERE name = 'Drama')),
    (26, (SELECT id FROM genre WHERE name = 'Thriller')),
    (29, (SELECT id FROM genre WHERE name = 'Crime')),
    (29, (SELECT id FROM genre WHERE name = 'Drama')),
    (29, (SELECT id FROM genre WHERE name = 'Thriller')),
    (30, (SELECT id FROM genre WHERE name = 'Crime')),
    (30, (SELECT id FROM genre WHERE name = 'Drama')),
    (30, (SELECT id FROM genre WHERE name = 'Thriller')),
    (31, (SELECT id FROM genre WHERE name = 'Comedy')),
    (31, (SELECT id FROM genre WHERE name = 'Crime')),
    (31, (SELECT id FROM genre WHERE name = 'Thriller')),
    (33, (SELECT id FROM genre WHERE name = 'Mystery')),
    (33, (SELECT id FROM genre WHERE name = 'Thriller')),
    (35, (SELECT id FROM genre WHERE name = 'Mystery')),
    (35, (SELECT id FROM genre WHERE name = 'Thriller')),
    (36, (SELECT id FROM genre WHERE name = 'Crime')),
    (36, (SELECT id FROM genre WHERE name = 'Drama')),
    (36, (SELECT id FROM genre WHERE name = 'Thriller')),
    (41, (SELECT id FROM genre WHERE name = 'Biography')),
    (41, (SELECT id FROM genre WHERE name = 'Drama')),
    (41, (SELECT id FROM genre WHERE name = 'Sport')),
    (42, (SELECT id FROM genre WHERE name = 'Comedy')),
    (42, (SELECT id FROM genre WHERE name = 'Crime')),
    (42, (SELECT id FROM genre WHERE name = 'Mystery')),
    (43, (SELECT id FROM genre WHERE name = 'Drama')),
    (45, (SELECT id FROM genre WHERE name = 'Animation')),
    (45, (SELECT id FROM genre WHERE name = 'Comedy')),
    (45, (SELECT id FROM genre WHERE name = 'Drama')),
    (46, (SELECT id FROM genre WHERE name = 'Drama')),
    (46, (SELECT id FROM genre WHERE name = 'Thriller')),
    (47, (SELECT id FROM genre WHERE name = 'Drama')),
    (47, (SELECT id FROM genre WHERE name = 'Thriller')),
    (48, (SELECT id FROM genre WHERE name = 'Drama')),
    (48, (SELECT id FROM genre WHERE name = 'Thriller')),
    (49, (SELECT id FROM genre WHERE name = 'Comedy')),
    (49, (SELECT id FROM genre WHERE name = 'Drama')),
    (49, (SELECT id FROM genre WHERE name = 'Sci-Fi')),
    (50, (SELECT id FROM genre WHERE name = 'Comedy')),
    (50, (SELECT id FROM genre WHERE name = 'Drama')),
    (50, (SELECT id FROM genre WHERE name = 'Romance')),
    (52, (SELECT id FROM genre WHERE name = 'Adventure')),
    (52, (SELECT id FROM genre WHERE name = 'Fantasy')),
    (53, (SELECT id FROM genre WHERE name = 'Drama')),
    (53, (SELECT id FROM genre WHERE name = 'Romance')),
    (55, (SELECT id FROM genre WHERE name = 'Drama')),
    (55, (SELECT id FROM genre WHERE name = 'Romance')),
    (56, (SELECT id FROM genre WHERE name = 'Drama')),
    (56, (SELECT id FROM genre WHERE name = 'Romance')),
    (59, (SELECT id FROM genre WHERE name = 'Animation')),
    (59, (SELECT id FROM genre WHERE name = 'Adventure')),
    (59, (SELECT id FROM genre WHERE name = 'Comedy')),
    (60, (SELECT id FROM genre WHERE name = 'Animation')),
    (60, (SELECT id FROM genre WHERE name = 'Adventure')),
    (60, (SELECT id FROM genre WHERE name = 'Comedy')),
    (61, (SELECT id FROM genre WHERE name = 'Biography')),
    (61, (SELECT id FROM genre WHERE name = 'Drama')),
    (61, (SELECT id FROM genre WHERE name = 'History')),
    (62, (SELECT id FROM genre WHERE name = 'Animation')),
    (62, (SELECT id FROM genre WHERE name = 'Adventure')),
    (62, (SELECT id FROM genre WHERE name = 'Comedy')),
    (63, (SELECT id FROM genre WHERE name = 'Animation')),
    (63, (SELECT id FROM genre WHERE name = 'Adventure')),
    (63, (SELECT id FROM genre WHERE name = 'Comedy')),
    (64, (SELECT id FROM genre WHERE name = 'Comedy')),
    (64, (SELECT id FROM genre WHERE name = 'Crime')),
    (64, (SELECT id FROM genre WHERE name = 'Drama')),
    (65, (SELECT id FROM genre WHERE name = 'Biography')),
    (65, (SELECT id FROM genre WHERE name = 'Drama')),
    (65, (SELECT id FROM genre WHERE name = 'History')),
    (69, (SELECT id FROM genre WHERE name = 'Biography')),
    (69, (SELECT id FROM genre WHERE name = 'Crime')),
    (69, (SELECT id FROM genre WHERE name = 'Drama')),
    (70, (SELECT id FROM genre WHERE name = 'Biography')),
    (70, (SELECT id FROM genre WHERE name = 'Crime')),
    (70, (SELECT id FROM genre WHERE name = 'Drama')),
    (71, (SELECT id FROM genre WHERE name = 'Crime')),
    (71, (SELECT id FROM genre WHERE name = 'Drama')),
    (73, (SELECT id FROM genre WHERE name = 'Action')),
    (73, (SELECT id FROM genre WHERE name = 'Adventure')),
    (73, (SELECT id FROM genre WHERE name = 'Fantasy')),
    (75, (SELECT id FROM genre WHERE name = 'Crime')),
    (75, (SELECT id FROM genre WHERE name = 'Drama')),
    (75, (SELECT id FROM genre WHERE name = 'Thriller')),
    (76, (SELECT id FROM genre WHERE name = 'Action')),
    (76, (SELECT id FROM genre WHERE name = 'Adventure')),
    (76, (SELECT id FROM genre WHERE name = 'Fantasy')),
    (78, (SELECT id FROM genre WHERE name = 'Action')),
    (78, (SELECT id FROM genre WHERE name = 'Drama')),
    (78, (SELECT id FROM genre WHERE name = 'Mystery')),
    (79, (SELECT id FROM genre WHERE name = 'Drama')),
    (79, (SELECT id FROM genre WHERE name = 'Romance')),
    (80, (SELECT id FROM genre WHERE name = 'Action')),
    (80, (SELECT id FROM genre WHERE name = 'Adventure')),
    (80, (SELECT id FROM genre WHERE name = 'Thriller')),
    (81, (SELECT id FROM genre WHERE name = 'Animation')),
    (81, (SELECT id FROM genre WHERE name = 'Adventure')),
    (81, (SELECT id FROM genre WHERE name = 'Family')),
    (82, (SELECT id FROM genre WHERE name = 'Biography')),
    (82, (SELECT id FROM genre WHERE name = 'Comedy')),
    (82, (SELECT id FROM genre WHERE name = 'Crime')),
    (83, (SELECT id FROM genre WHERE name = 'Action')),
    (83, (SELECT id FROM genre WHERE name = 'Adventure')),
    (83, (SELECT id FROM genre WHERE name = 'Fantasy')),
    (85, (SELECT id FROM genre WHERE name = 'Comedy')),
    (86, (SELECT id FROM genre WHERE name = 'Adventure')),
    (86, (SELECT id FROM genre WHERE name = 'Comedy')),
    (86, (SELECT id FROM genre WHERE name = 'Drama')),
    (88, (SELECT id FROM genre WHERE name = 'Crime')),
    (88, (SELECT id FROM genre WHERE name = 'Drama')),
    (89, (SELECT id FROM genre WHERE name = 'Action')),
    (89, (SELECT id FROM genre WHERE name = 'Adventure')),
    (89, (SELECT id FROM genre WHERE name = 'Mystery')),
    (90, (SELECT id FROM genre WHERE name = 'Action')),
    (90, (SELECT id FROM genre WHERE name = 'Drama')),
    (90, (SELECT id FROM genre WHERE name = 'Thriller')),
    (91, (SELECT id FROM genre WHERE name = 'Drama')),
    (91, (SELECT id FROM genre WHERE name = 'Sci-Fi')),
    (92, (SELECT id FROM genre WHERE name = 'Comedy')),
    (92, (SELECT id FROM genre WHERE name = 'Drama')),
    (92, (SELECT id FROM genre WHERE name = 'Romance')),
    (93, (SELECT id FROM genre WHERE name = 'Adventure')),
    (93, (SELECT id FROM genre WHERE name = 'Family')),
    (93, (SELECT id FROM genre WHERE name = 'Fantasy')),
    (95, (SELECT id FROM genre WHERE name = 'Action')),
    (95, (SELECT id FROM genre WHERE name = 'Adventure')),
    (95, (SELECT id FROM genre WHERE name = 'Sci-Fi')),
    (98, (SELECT id FROM genre WHERE name = 'Drama')),
    (98, (SELECT id FROM genre WHERE name = 'Mystery')),
    (98, (SELECT id FROM genre WHERE name = 'Sci-Fi')),
    (99, (SELECT id FROM genre WHERE name = 'Drama')),
    (99, (SELECT id FROM genre WHERE name = 'Thriller')),
    (100, (SELECT id FROM genre WHERE name = 'Drama')),
    (100, (SELECT id FROM genre WHERE name = 'War')),
    (102, (SELECT id FROM genre WHERE name = 'Biography')),
    (102, (SELECT id FROM genre WHERE name = 'Drama')),
    (104, (SELECT id FROM genre WHERE name = 'Drama')),
    (104, (SELECT id FROM genre WHERE name = 'Romance')),
    (105, (SELECT id FROM genre WHERE name = 'Comedy')),
    (105, (SELECT id FROM genre WHERE name = 'Drama')),
    (105, (SELECT id FROM genre WHERE name = 'Romance')),
    (107, (SELECT id FROM genre WHERE name = 'Drama')),
    (107, (SELECT id FROM genre WHERE name = 'Mystery')),
    (107, (SELECT id FROM genre WHERE name = 'Thriller')),
    (108, (SELECT id FROM genre WHERE name = 'Comedy')),
    (108, (SELECT id FROM genre WHERE name = 'Drama')),
    (108, (SELECT id FROM genre WHERE name = 'Mystery')),
    (110, (SELECT id FROM genre WHERE name = 'Animation')),
    (110, (SELECT id FROM genre WHERE name = 'Adventure')),
    (110, (SELECT id FROM genre WHERE name = 'Family')),
    (111, (SELECT id FROM genre WHERE name = 'Drama')),
    (111, (SELECT id FROM genre WHERE name = 'Romance')),
    (111, (SELECT id FROM genre WHERE name = 'War')),
    (112, (SELECT id FROM genre WHERE name = 'Comedy')),
    (112, (SELECT id FROM genre WHERE name = 'Drama')),
    (113, (SELECT id FROM genre WHERE name = 'Drama')),
    (114, (SELECT id FROM genre WHERE name = 'Drama')),
    (114, (SELECT id FROM genre WHERE name = 'War')),
    (115, (SELECT id FROM genre WHERE name = 'Biography')),
    (115, (SELECT id FROM genre WHERE name = 'Drama')),
    (116, (SELECT id FROM genre WHERE name = 'Adventure')),
    (116, (SELECT id FROM genre WHERE name = 'Drama')),
    (116, (SELECT id FROM genre WHERE name = 'Sci-Fi')),
    (117, (SELECT id FROM genre WHERE name = 'Comedy')),
    (117, (SELECT id FROM genre WHERE name = 'Crime')),
    (117, (SELECT id FROM genre WHERE name = 'Thriller')),
    (118, (SELECT id FROM genre WHERE name = 'Adventure')),
    (118, (SELECT id FROM genre WHERE name = 'Drama')),
    (118, (SELECT id FROM genre WHERE name = 'Thriller')),
    (119, (SELECT id FROM genre WHERE name = 'Animation')),
    (119, (SELECT id FROM genre WHERE name = 'Adventure')),
    (119, (SELECT id FROM genre WHERE name = 'Comedy')),
    (120, (SELECT id FROM genre WHERE name = 'Crime')),
    (120, (SELECT id FROM genre WHERE name = 'Thriller')),
    (121, (SELECT id FROM genre WHERE name = 'Adventure')),
    (121, (SELECT id FROM genre WHERE name = 'Comedy')),
    (121, (SELECT id FROM genre WHERE name = 'Drama')),
    (122, (SELECT id FROM genre WHERE name = 'Animation')),
    (122, (SELECT id FROM genre WHERE name = 'Adventure')),
    (122, (SELECT id FROM genre WHERE name = 'Comedy')),
    (123, (SELECT id FROM genre WHERE name = 'Action')),
    (123, (SELECT id FROM genre WHERE name = 'Comedy')),
    (123, (SELECT id FROM genre WHERE name = 'Crime')),
    (124, (SELECT id FROM genre WHERE name = 'Drama')),
    (124, (SELECT id FROM genre WHERE name = 'Romance')),
    (124, (SELECT id FROM genre WHERE name = 'Thriller')),
    (127, (SELECT id FROM genre WHERE name = 'Animation')),
    (127, (SELECT id FROM genre WHERE name = 'Comedy')),
    (127, (SELECT id FROM genre WHERE name = 'Family')),
    (129, (SELECT id FROM genre WHERE name = 'Adventure')),
    (129, (SELECT id FROM genre WHERE name = 'Family')),
    (129, (SELECT id FROM genre WHERE name = 'Fantasy')),
    (130, (SELECT id FROM genre WHERE name = 'Drama')),
    (130, (SELECT id FROM genre WHERE name = 'Romance')),
    (131, (SELECT id FROM genre WHERE name = 'Animation')),
    (131, (SELECT id FROM genre WHERE name = 'Adventure')),
    (131, (SELECT id FROM genre WHERE name = 'Comedy'));
